<?xml version="1.0" encoding="UTF-8"?>
<project-private xmlns="http://www.netbeans.org/ns/project-private/1">
    <data xmlns="http://www.netbeans.org/ns/make-project-private/1">
        <activeConfTypeElem>1</activeConfTypeElem>
        <activeConfIndexElem>0</activeConfIndexElem>
    </data>
    <editor-bookmarks xmlns="http://www.netbeans.org/ns/editor-bookmarks/2" lastBookmarkId="0"/>
    <open-files xmlns="http://www.netbeans.org/ns/projectui-open-files/2">
        <group>
            <file>file:/home/fv/Desktop/Crazy-Carnival/Ventana.cpp</file>
            <file>file:/home/fv/Desktop/Crazy-Carnival/Ventana.hpp</file>
            <file>file:/home/fv/Desktop/Crazy-Carnival/Estado.hpp</file>
            <file>file:/home/fv/Desktop/Crazy-Carnival/EstadoMenu.cpp</file>
            <file>file:/home/fv/Desktop/Crazy-Carnival/EstadoMenu.hpp</file>
            <file>file:/home/fv/Desktop/Crazy-Carnival/main.cpp</file>
            <file>file:/home/fv/Desktop/Crazy-Carnival/Recursos.cpp</file>
            <file>file:/home/fv/Desktop/Crazy-Carnival/Recursos.hpp</file>
            <file>file:/home/fv/Desktop/Crazy-Carnival/Juego.cpp</file>
            <file>file:/home/fv/Desktop/Crazy-Carnival/EstadosManager.cpp</file>
            <file>file:/home/fv/Desktop/Crazy-Carnival/Texto.cpp</file>
            <file>file:/home/fv/Desktop/Crazy-Carnival/Texto.hpp</file>
            <file>file:/home/fv/Desktop/Crazy-Carnival/Juego.hpp</file>
            <file>file:/home/fv/Desktop/Crazy-Carnival/EstadosManager.hpp</file>
        </group>
    </open-files>
</project-private>
