<?xml version="1.0" encoding="UTF-8"?>
<configurationDescriptor version="97">
  <logicalFolder name="root" displayName="root" projectFiles="true" kind="ROOT">
    <logicalFolder name="HeaderFiles"
                   displayName="Header Files"
                   projectFiles="true">
      <itemPath>Estado.hpp</itemPath>
      <itemPath>EstadoMenu.hpp</itemPath>
      <itemPath>EstadosManager.hpp</itemPath>
      <itemPath>Juego.hpp</itemPath>
      <itemPath>Recursos.hpp</itemPath>
      <itemPath>Texto.cpp</itemPath>
      <itemPath>Texto.hpp</itemPath>
      <itemPath>Ventana.hpp</itemPath>
      <itemPath>box.h</itemPath>
    </logicalFolder>
    <logicalFolder name="ResourceFiles"
                   displayName="Resource Files"
                   projectFiles="true">
    </logicalFolder>
    <logicalFolder name="SourceFiles"
                   displayName="Source Files"
                   projectFiles="true">
      <itemPath>EstadoMenu.cpp</itemPath>
      <itemPath>EstadosManager.cpp</itemPath>
      <itemPath>Juego.cpp</itemPath>
      <itemPath>Recursos.cpp</itemPath>
      <itemPath>Ventana.cpp</itemPath>
      <itemPath>box.cpp</itemPath>
      <itemPath>main.cpp</itemPath>
    </logicalFolder>
    <logicalFolder name="TestFiles"
                   displayName="Test Files"
                   projectFiles="false"
                   kind="TEST_LOGICAL_FOLDER">
    </logicalFolder>
    <logicalFolder name="ExternalFiles"
                   displayName="Important Files"
                   projectFiles="false"
                   kind="IMPORTANT_FILES_FOLDER">
      <itemPath>Makefile</itemPath>
    </logicalFolder>
  </logicalFolder>
  <projectmakefile>Makefile</projectmakefile>
  <confs>
    <conf name="Debug" type="1">
      <toolsSet>
        <compilerSet>default</compilerSet>
        <dependencyChecking>true</dependencyChecking>
        <rebuildPropChanged>false</rebuildPropChanged>
      </toolsSet>
      <compileType>
        <cTool>
          <incDir>
            <pElem>../../Desktop/FV/Proyectos NetBeans/Crazy_Carnival/Box2D</pElem>
            <pElem>tinyxml</pElem>
          </incDir>
        </cTool>
        <ccTool>
          <standard>11</standard>
          <incDir>
            <pElem>/usr/include/SFML</pElem>
            <pElem>Box2D</pElem>
            <pElem>tinyxml</pElem>
          </incDir>
        </ccTool>
        <linkerTool>
          <linkerAddLib>
            <pElem>/usr/lib/x86_64-linux-gnu</pElem>
          </linkerAddLib>
          <linkerLibItems>
            <linkerLibFileItem>/usr/lib/x86_64-linux-gnu/libsfml-graphics.so</linkerLibFileItem>
            <linkerLibFileItem>/usr/lib/x86_64-linux-gnu/libsfml-system.so</linkerLibFileItem>
            <linkerLibFileItem>/usr/lib/x86_64-linux-gnu/libsfml-window.so</linkerLibFileItem>
            <linkerLibFileItem>libbox2d.a</linkerLibFileItem>
            <linkerLibFileItem>libtinyxml.a</linkerLibFileItem>
          </linkerLibItems>
        </linkerTool>
      </compileType>
      <item path="Estado.hpp" ex="false" tool="3" flavor2="0">
      </item>
      <item path="EstadoMenu.cpp" ex="false" tool="1" flavor2="0">
      </item>
      <item path="EstadoMenu.hpp" ex="false" tool="3" flavor2="0">
      </item>
      <item path="EstadosManager.cpp" ex="false" tool="1" flavor2="0">
      </item>
      <item path="EstadosManager.hpp" ex="false" tool="3" flavor2="0">
      </item>
      <item path="Juego.cpp" ex="false" tool="1" flavor2="0">
      </item>
      <item path="Juego.hpp" ex="false" tool="3" flavor2="0">
      </item>
      <item path="Recursos.cpp" ex="false" tool="1" flavor2="0">
      </item>
      <item path="Recursos.hpp" ex="false" tool="3" flavor2="0">
      </item>
      <item path="Texto.cpp" ex="false" tool="1" flavor2="0">
      </item>
      <item path="Texto.hpp" ex="false" tool="3" flavor2="0">
      </item>
      <item path="Ventana.cpp" ex="false" tool="1" flavor2="0">
      </item>
      <item path="Ventana.hpp" ex="false" tool="3" flavor2="0">
      </item>
      <item path="box.cpp" ex="false" tool="1" flavor2="0">
      </item>
      <item path="box.h" ex="false" tool="3" flavor2="0">
      </item>
      <item path="main.cpp" ex="false" tool="1" flavor2="0">
      </item>
    </conf>
    <conf name="Release" type="1">
      <toolsSet>
        <compilerSet>default</compilerSet>
        <dependencyChecking>true</dependencyChecking>
        <rebuildPropChanged>false</rebuildPropChanged>
      </toolsSet>
      <compileType>
        <cTool>
          <developmentMode>5</developmentMode>
        </cTool>
        <ccTool>
          <developmentMode>5</developmentMode>
        </ccTool>
        <fortranCompilerTool>
          <developmentMode>5</developmentMode>
        </fortranCompilerTool>
        <asmTool>
          <developmentMode>5</developmentMode>
        </asmTool>
      </compileType>
      <item path="Estado.hpp" ex="false" tool="3" flavor2="0">
      </item>
      <item path="EstadoMenu.cpp" ex="false" tool="1" flavor2="0">
      </item>
      <item path="EstadoMenu.hpp" ex="false" tool="3" flavor2="0">
      </item>
      <item path="EstadosManager.cpp" ex="false" tool="1" flavor2="0">
      </item>
      <item path="EstadosManager.hpp" ex="false" tool="3" flavor2="0">
      </item>
      <item path="Juego.cpp" ex="false" tool="1" flavor2="0">
      </item>
      <item path="Juego.hpp" ex="false" tool="3" flavor2="0">
      </item>
      <item path="Recursos.cpp" ex="false" tool="1" flavor2="0">
      </item>
      <item path="Recursos.hpp" ex="false" tool="3" flavor2="0">
      </item>
      <item path="Texto.cpp" ex="false" tool="1" flavor2="0">
      </item>
      <item path="Texto.hpp" ex="false" tool="3" flavor2="0">
      </item>
      <item path="Ventana.cpp" ex="false" tool="1" flavor2="0">
      </item>
      <item path="Ventana.hpp" ex="false" tool="3" flavor2="0">
      </item>
      <item path="box.cpp" ex="false" tool="1" flavor2="0">
      </item>
      <item path="box.h" ex="false" tool="3" flavor2="0">
      </item>
      <item path="main.cpp" ex="false" tool="1" flavor2="0">
      </item>
    </conf>
  </confs>
</configurationDescriptor>
